{"cameraMode":{"drawMode":0,"name":"Shaded","section":"Shading Mode"},"sceneLighting":true,"audioPlay":false,"sceneViewState":{"showFog":true,"showMaterialUpdate":false,"showSkybox":true,"showFlares":true,"showImageEffects":true,"showParticleSystems":true},"in2DMode":false,"pivot":{"x":6.3112993240356449,"y":-4.825037956237793,"z":9.297401428222657},"rotation":{"x":-0.3236391842365265,"y":0.40002334117889407,"z":-0.15346306562423707,"w":-0.8436161279678345},"size":21.329347610473634,"orthographic":false}