{"cameraMode":{"drawMode":0,"name":"Shaded","section":"Shading Mode"},"sceneLighting":false,"audioPlay":false,"sceneViewState":{"showFog":true,"showMaterialUpdate":false,"showSkybox":true,"showFlares":true,"showImageEffects":true,"showParticleSystems":true},"in2DMode":false,"pivot":{"x":0.036757223308086398,"y":1.0510176420211793,"z":-0.4000001549720764},"rotation":{"x":0.07224427163600922,"y":0.886238157749176,"z":-0.14785991609096528,"w":0.43301284313201907},"size":1.482198715209961,"orthographic":false}